Model,Accuracy,AUC,Precision,Recall,F1 Score,MCC
Logistic Regression,0.8305983756008619,0.8641590510820414,0.7553191489361702,0.47270306258322237,0.5814905814905815,0.5030760246123052
Decision Tree,0.8108735289242499,0.7467975458896708,0.6204136090727151,0.6191744340878829,0.6197934021992669,0.4939252810097679
KNN,0.834410740924913,0.8621539264501594,0.6869888475836431,0.6151797603195739,0.649104320337197,0.5425845021428038
Naive Bayes,0.797778882811205,0.8613284251910424,0.6850393700787402,0.34753661784287615,0.46113074204946997,0.3834368361007638
Random Forest,0.8644123984750539,0.9137742040995291,0.7740384615384616,0.6431424766977364,0.7025454545454546,0.6201382500632964
XGBoost,0.8741919443063153,0.9317717625671473,0.790007806401249,0.6737683089214381,0.7272727272727273,0.6496359969654074
